{
  "db_name": "PostgreSQL",
  "query": "\n            INSERT INTO computations (\n                tenant_id,\n                output_handle,\n                dependencies,\n                fhe_operation,\n                is_scalar,\n                dependence_chain_id,\n                transaction_id\n            )\n            VALUES ($1, $2, $3, $4, $5, $6, $7)\n            ON CONFLICT (tenant_id, output_handle, transaction_id) DO NOTHING\n            ",
  "describe": {
    "columns": [],
    "parameters": {
      "Left": [
        "Int4",
        "Bytea",
        "ByteaArray",
        "Int2",
        "Bool",
        "Bytea",
        "Bytea"
      ]
    },
    "nullable": []
  },
  "hash": "e4260b9ba59d978d5504b787a0002c6eec8c6b95b2cb8b5da83f8885fb273c39"
}
