{
  "db_name": "PostgreSQL",
  "query": "SELECT tenant_id, chain_id FROM tenants WHERE tenant_api_key = $1",
  "describe": {
    "columns": [
      {
        "ordinal": 0,
        "name": "tenant_id",
        "type_info": "Int4"
      },
      {
        "ordinal": 1,
        "name": "chain_id",
        "type_info": "Int8"
      }
    ],
    "parameters": {
      "Left": [
        "Uuid"
      ]
    },
    "nullable": [
      false,
      false
    ]
  },
  "hash": "d090bb03d3a480f8c37b45498c5cc85742b3509cef16429687f65cc2335b422f"
}
