{
  "db_name": "PostgreSQL",
  "query": "\n            INSERT INTO tenants(tenant_api_key, chain_id, acl_contract_address, verifying_contract_address, pks_key, sks_key, public_params, cks_key, sns_pk)\n            VALUES (\n                'a1503fb6-d79b-4e9e-826d-44cf262f3e05',\n                12345,\n                $1,\n                '0x69dE3158643e738a0724418b21a35FAA20CBb1c5',\n                $2,\n                $3,\n                $4,\n                $5,\n                $6\n            )\n        ",
  "describe": {
    "columns": [],
    "parameters": {
      "Left": [
        "Text",
        "Bytea",
        "Bytea",
        "Bytea",
        "Bytea",
        "Oid"
      ]
    },
    "nullable": []
  },
  "hash": "09f4bb2ed7df17aa0305c7fb88e87473e5be704202eb8f2fa571d47a4f98b7af"
}
