{
  "db_name": "PostgreSQL",
  "query": "\n                    INSERT INTO computations(\n                        tenant_id,\n                        output_handle,\n                        dependencies,\n                        fhe_operation,\n                        is_completed,\n                        is_scalar,\n                        dependence_chain_id,\n                        transaction_id\n                    )\n                    VALUES($1, $2, $3, $4, false, $5, $6, $7)\n                    ON CONFLICT (tenant_id, output_handle, transaction_id) DO NOTHING\n                ",
  "describe": {
    "columns": [],
    "parameters": {
      "Left": [
        "Int4",
        "Bytea",
        "ByteaArray",
        "Int2",
        "Bool",
        "Bytea",
        "Bytea"
      ]
    },
    "nullable": []
  },
  "hash": "3427af810410f385b774ff7e2f382c08bf38acc91d45a6efae187870b602d619"
}
