{
  "db_name": "PostgreSQL",
  "query": "\n                    INSERT INTO ciphertexts(tenant_id, handle, ciphertext, ciphertext_version, ciphertext_type)\n                    SELECT * FROM UNNEST($1::INTEGER[], $2::BYTEA[], $3::BYTEA[], $4::SMALLINT[], $5::SMALLINT[])\n                    ON CONFLICT (tenant_id, handle, ciphertext_version) DO NOTHING\n                    ",
  "describe": {
    "columns": [],
    "parameters": {
      "Left": [
        "Int4Array",
        "ByteaArray",
        "ByteaArray",
        "Int2Array",
        "Int2Array"
      ]
    },
    "nullable": []
  },
  "hash": "c7149bc8510143a748d48dc9ecbe7c82d6714aaea126b03f2cb391a1929b7bbc"
}
