{
  "db_name": "PostgreSQL",
  "query": "\nWITH selected_computations AS (\n  -- Get all computations from such transactions\n  (\n    SELECT \n      c.tenant_id, \n      c.output_handle,\n      c.transaction_id,\n      ah.handle, \n      ah.is_computed\n    FROM computations c\n    LEFT JOIN allowed_handles ah\n       ON c.output_handle = ah.handle\n      AND c.tenant_id = ah.tenant_id\n    WHERE c.transaction_id IN (\n      -- Select transaction IDs with uncomputed handles\n      -- out of the dependence buckets\n      SELECT DISTINCT transaction_id \n      FROM computations\n      WHERE is_error = FALSE\n        AND (tenant_id, output_handle) IN (\n          SELECT tenant_id, handle\n          FROM allowed_handles\n          WHERE is_computed = FALSE\n          ORDER BY schedule_order\n          LIMIT $1\n        )\n      LIMIT $2\n    )\n  )\n)\n-- Acquire all computations from this transaction set\nSELECT \n  c.tenant_id, \n  c.output_handle, \n  c.dependencies, \n  c.fhe_operation, \n  c.is_scalar,\n  sc.handle IS NOT NULL AS is_allowed, \n  c.dependence_chain_id,\n  COALESCE(sc.is_computed) AS is_computed,\n  c.transaction_id\nFROM computations c\nJOIN selected_computations sc\n  ON c.tenant_id = sc.tenant_id\n  AND c.output_handle = sc.output_handle\n  AND c.transaction_id = sc.transaction_id\nFOR UPDATE SKIP LOCKED            ",
  "describe": {
    "columns": [
      {
        "ordinal": 0,
        "name": "tenant_id",
        "type_info": "Int4"
      },
      {
        "ordinal": 1,
        "name": "output_handle",
        "type_info": "Bytea"
      },
      {
        "ordinal": 2,
        "name": "dependencies",
        "type_info": "ByteaArray"
      },
      {
        "ordinal": 3,
        "name": "fhe_operation",
        "type_info": "Int2"
      },
      {
        "ordinal": 4,
        "name": "is_scalar",
        "type_info": "Bool"
      },
      {
        "ordinal": 5,
        "name": "is_allowed",
        "type_info": "Bool"
      },
      {
        "ordinal": 6,
        "name": "dependence_chain_id",
        "type_info": "Bytea"
      },
      {
        "ordinal": 7,
        "name": "is_computed",
        "type_info": "Bool"
      },
      {
        "ordinal": 8,
        "name": "transaction_id",
        "type_info": "Bytea"
      }
    ],
    "parameters": {
      "Left": [
        "Int8",
        "Int8"
      ]
    },
    "nullable": [
      false,
      false,
      false,
      false,
      false,
      null,
      true,
      null,
      false
    ]
  },
  "hash": "82afc3c943c43f1f76e150c5d3354bef4482c3da82403ad6c03add0840e71966"
}
