{
  "db_name": "PostgreSQL",
  "query": "\n            SELECT ciphertext, ciphertext_type, handle\n            FROM ciphertexts\n            WHERE tenant_id = $1\n            AND handle = ANY($2::BYTEA[])\n            AND ciphertext_version = $3\n        ",
  "describe": {
    "columns": [
      {
        "ordinal": 0,
        "name": "ciphertext",
        "type_info": "Bytea"
      },
      {
        "ordinal": 1,
        "name": "ciphertext_type",
        "type_info": "Int2"
      },
      {
        "ordinal": 2,
        "name": "handle",
        "type_info": "Bytea"
      }
    ],
    "parameters": {
      "Left": [
        "Int4",
        "ByteaArray",
        "Int2"
      ]
    },
    "nullable": [
      false,
      false,
      false
    ]
  },
  "hash": "6f6d350d7e3d78ea2b9a9d2f87ef372582be43b3a34071ec73423c369dbad371"
}
