{
  "db_name": "PostgreSQL",
  "query": "\n            SELECT cks_key, sks_key\n            FROM tenants\n            WHERE tenant_id = $1\n        ",
  "describe": {
    "columns": [
      {
        "ordinal": 0,
        "name": "cks_key",
        "type_info": "Bytea"
      },
      {
        "ordinal": 1,
        "name": "sks_key",
        "type_info": "Bytea"
      }
    ],
    "parameters": {
      "Left": [
        "Int4"
      ]
    },
    "nullable": [
      true,
      false
    ]
  },
  "hash": "a7838d6f2de6991666bcb67b180efc6a3acb0bb3394c0174e7ea9277a376b60a"
}
