{
  "db_name": "PostgreSQL",
  "query": "\n                UPDATE computations\n                SET is_completed = true, completed_at = CURRENT_TIMESTAMP\n                WHERE tenant_id = $1\n                AND (output_handle, transaction_id) IN (\n                    SELECT * FROM unnest($2::BYTEA[], $3::BYTEA[])\n                )\n            ",
  "describe": {
    "columns": [],
    "parameters": {
      "Left": [
        "Int4",
        "ByteaArray",
        "ByteaArray"
      ]
    },
    "nullable": []
  },
  "hash": "c0e1b25662f8d9b3ec8813c028e0de5388e5094d8c316b29e6762bc2783939d2"
}
