{
  "db_name": "PostgreSQL",
  "query": "\n                UPDATE computations\n                SET is_completed = true, completed_at = CURRENT_TIMESTAMP\n                WHERE tenant_id = $1\n                AND (output_handle, transaction_id) IN (\n                    SELECT * FROM unnest($2::BYTEA[], $3::BYTEA[])\n                )\n                ",
  "describe": {
    "columns": [],
    "parameters": {
      "Left": [
        "Int4",
        "ByteaArray",
        "ByteaArray"
      ]
    },
    "nullable": []
  },
  "hash": "eda7c952325475562fbe1d1a5793ac82366742c1618f83dfd6b4da5db9492544"
}
