{
  "db_name": "PostgreSQL",
  "query": "\n                SELECT handle, ciphertext_type, ciphertext_version, ciphertext\n                FROM ciphertexts\n                WHERE tenant_id = $1\n                AND handle = ANY($2::BYTEA[])\n            ",
  "describe": {
    "columns": [
      {
        "ordinal": 0,
        "name": "handle",
        "type_info": "Bytea"
      },
      {
        "ordinal": 1,
        "name": "ciphertext_type",
        "type_info": "Int2"
      },
      {
        "ordinal": 2,
        "name": "ciphertext_version",
        "type_info": "Int2"
      },
      {
        "ordinal": 3,
        "name": "ciphertext",
        "type_info": "Bytea"
      }
    ],
    "parameters": {
      "Left": [
        "Int4",
        "ByteaArray"
      ]
    },
    "nullable": [
      false,
      false,
      false,
      false
    ]
  },
  "hash": "ddd753bff5727bd1cdd6f245013735d831cbcadb9a3deef7a40325e8da88ec77"
}
