{
  "db_name": "PostgreSQL",
  "query": "\n                SELECT tenant_id, handle, ciphertext, ciphertext_type\n                FROM ciphertexts\n                WHERE tenant_id = ANY($1::INT[])\n                AND handle = ANY($2::BYTEA[])\n            ",
  "describe": {
    "columns": [
      {
        "ordinal": 0,
        "name": "tenant_id",
        "type_info": "Int4"
      },
      {
        "ordinal": 1,
        "name": "handle",
        "type_info": "Bytea"
      },
      {
        "ordinal": 2,
        "name": "ciphertext",
        "type_info": "Bytea"
      },
      {
        "ordinal": 3,
        "name": "ciphertext_type",
        "type_info": "Int2"
      }
    ],
    "parameters": {
      "Left": [
        "Int4Array",
        "ByteaArray"
      ]
    },
    "nullable": [
      false,
      false,
      false,
      false
    ]
  },
  "hash": "6613f90d85256adebd7f00e73b1e8d6b4db9d9309cae6810b4830188ea97088e"
}
