{
  "db_name": "PostgreSQL",
  "query": "\n            SELECT tenant_id, chain_id, acl_contract_address, verifying_contract_address, pks_key, sks_key, public_params\n            FROM tenants\n            WHERE tenant_id = ANY($1::INT[])\n        ",
  "describe": {
    "columns": [
      {
        "ordinal": 0,
        "name": "tenant_id",
        "type_info": "Int4"
      },
      {
        "ordinal": 1,
        "name": "chain_id",
        "type_info": "Int8"
      },
      {
        "ordinal": 2,
        "name": "acl_contract_address",
        "type_info": "Text"
      },
      {
        "ordinal": 3,
        "name": "verifying_contract_address",
        "type_info": "Text"
      },
      {
        "ordinal": 4,
        "name": "pks_key",
        "type_info": "Bytea"
      },
      {
        "ordinal": 5,
        "name": "sks_key",
        "type_info": "Bytea"
      },
      {
        "ordinal": 6,
        "name": "public_params",
        "type_info": "Bytea"
      }
    ],
    "parameters": {
      "Left": [
        "Int4Array"
      ]
    },
    "nullable": [
      false,
      false,
      false,
      false,
      false,
      false,
      false
    ]
  },
  "hash": "65760e473cede92be4190c148a5e53d6fefcde24eb5a022105d3208ea430114a"
}
