{
  "db_name": "PostgreSQL",
  "query": "\n            SELECT tenant_id, chain_id, acl_contract_address, verifying_contract_address, pks_key, public_params, cks_key\n            FROM tenants\n            WHERE tenant_id = ANY($1::INT[])\n        ",
  "describe": {
    "columns": [
      {
        "ordinal": 0,
        "name": "tenant_id",
        "type_info": "Int4"
      },
      {
        "ordinal": 1,
        "name": "chain_id",
        "type_info": "Int8"
      },
      {
        "ordinal": 2,
        "name": "acl_contract_address",
        "type_info": "Text"
      },
      {
        "ordinal": 3,
        "name": "verifying_contract_address",
        "type_info": "Text"
      },
      {
        "ordinal": 4,
        "name": "pks_key",
        "type_info": "Bytea"
      },
      {
        "ordinal": 5,
        "name": "public_params",
        "type_info": "Bytea"
      },
      {
        "ordinal": 6,
        "name": "cks_key",
        "type_info": "Bytea"
      }
    ],
    "parameters": {
      "Left": [
        "Int4Array"
      ]
    },
    "nullable": [
      false,
      false,
      false,
      false,
      false,
      false,
      true
    ]
  },
  "hash": "f2894a0dfc6cc1eb4f25628f47a4f4e185de3bb52ba0dee7413afec5d58cbcbd"
}
