{
  "db_name": "PostgreSQL",
  "query": "SELECT txn_is_sent, txn_limited_retries_count, txn_unlimited_retries_count\n             FROM allowed_handles\n             WHERE handle = $1",
  "describe": {
    "columns": [
      {
        "ordinal": 0,
        "name": "txn_is_sent",
        "type_info": "Bool"
      },
      {
        "ordinal": 1,
        "name": "txn_limited_retries_count",
        "type_info": "Int4"
      },
      {
        "ordinal": 2,
        "name": "txn_unlimited_retries_count",
        "type_info": "Int4"
      }
    ],
    "parameters": {
      "Left": [
        "Bytea"
      ]
    },
    "nullable": [
      false,
      false,
      false
    ]
  },
  "hash": "419270adb3a13e9e491adf9611a564b908ee87b1e43211ac6ba5bf60753e1940"
}
