{
  "db_name": "PostgreSQL",
  "query": "SELECT txn_is_sent, txn_limited_retries_count, txn_unlimited_retries_count\n             FROM ciphertext_digest\n             WHERE handle = $1",
  "describe": {
    "columns": [
      {
        "ordinal": 0,
        "name": "txn_is_sent",
        "type_info": "Bool"
      },
      {
        "ordinal": 1,
        "name": "txn_limited_retries_count",
        "type_info": "Int4"
      },
      {
        "ordinal": 2,
        "name": "txn_unlimited_retries_count",
        "type_info": "Int4"
      }
    ],
    "parameters": {
      "Left": [
        "Bytea"
      ]
    },
    "nullable": [
      false,
      false,
      false
    ]
  },
  "hash": "2637d7e49fbc45e9051a9a4b098464aec3b13a8b311e71d962b6fb173b671b09"
}
