{
  "db_name": "PostgreSQL",
  "query": "UPDATE allowed_handles\n                 SET\n                    txn_is_sent = true,\n                    txn_hash = $1,\n                    txn_block_number = $2\n                 WHERE handle = $3\n                 AND account_address = $4\n                 AND tenant_id = $5",
  "describe": {
    "columns": [],
    "parameters": {
      "Left": [
        "Bytea",
        "Int8",
        "Bytea",
        "Text",
        "Int4"
      ]
    },
    "nullable": []
  },
  "hash": "1fe45704b47419f9f060ad036d8023aab872bad0c2a68449563e971c05f69741"
}
