{
  "db_name": "PostgreSQL",
  "query": "UPDATE allowed_handles\n            SET\n            txn_limited_retries_count = txn_limited_retries_count + 1,\n            txn_last_error = $1,\n            txn_last_error_at = NOW()\n            WHERE handle = $2\n            AND account_address = $3\n            AND tenant_id = $4",
  "describe": {
    "columns": [],
    "parameters": {
      "Left": [
        "Text",
        "Bytea",
        "Text",
        "Int4"
      ]
    },
    "nullable": []
  },
  "hash": "2ae02c924ad48e5750844a8abf06b51a9c3b9cffc5ed2ba0ce303b5021df96ed"
}
