{
  "db_name": "PostgreSQL",
  "query": "WITH ins AS (\n            INSERT INTO verify_proofs (zk_proof_id, chain_id, contract_address, user_address, handles, verified)\n            VALUES ($1, $2, $3, $4, $5, false)\n        )\n        SELECT pg_notify($6, '')",
  "describe": {
    "columns": [
      {
        "ordinal": 0,
        "name": "pg_notify",
        "type_info": "Void"
      }
    ],
    "parameters": {
      "Left": [
        "Int8",
        "Int8",
        "Text",
        "Text",
        "Bytea",
        "Text"
      ]
    },
    "nullable": [
      null
    ]
  },
  "hash": "7e4f6abc7e18549f31548130efa4bed4d267da6e28697ceb780a58d787e739f1"
}
