{
  "db_name": "PostgreSQL",
  "query": "SELECT *\n             FROM verify_proofs\n             WHERE zk_proof_id = $1 AND retry_count = 2 AND verified = true",
  "describe": {
    "columns": [
      {
        "ordinal": 0,
        "name": "zk_proof_id",
        "type_info": "Int8"
      },
      {
        "ordinal": 1,
        "name": "chain_id",
        "type_info": "Int8"
      },
      {
        "ordinal": 2,
        "name": "contract_address",
        "type_info": "Text"
      },
      {
        "ordinal": 3,
        "name": "user_address",
        "type_info": "Text"
      },
      {
        "ordinal": 4,
        "name": "input",
        "type_info": "Bytea"
      },
      {
        "ordinal": 5,
        "name": "handles",
        "type_info": "Bytea"
      },
      {
        "ordinal": 6,
        "name": "retry_count",
        "type_info": "Int4"
      },
      {
        "ordinal": 7,
        "name": "verified",
        "type_info": "Bool"
      },
      {
        "ordinal": 8,
        "name": "last_error",
        "type_info": "Text"
      },
      {
        "ordinal": 9,
        "name": "verified_at",
        "type_info": "Timestamptz"
      },
      {
        "ordinal": 10,
        "name": "last_retry_at",
        "type_info": "Timestamptz"
      },
      {
        "ordinal": 11,
        "name": "created_at",
        "type_info": "Timestamptz"
      },
      {
        "ordinal": 12,
        "name": "extra_data",
        "type_info": "Bytea"
      }
    ],
    "parameters": {
      "Left": [
        "Int8"
      ]
    },
    "nullable": [
      false,
      false,
      false,
      false,
      true,
      true,
      false,
      true,
      true,
      true,
      true,
      false,
      false
    ]
  },
  "hash": "048212909e0bbe46633e404235d2c5cffb5284903adb757b4fda59b7fbe81d57"
}
