{
  "db_name": "PostgreSQL",
  "query": "WITH ins AS (\n            INSERT INTO verify_proofs (zk_proof_id, chain_id, contract_address, user_address, handles, verified)\n            VALUES ($1, $2, $3, $4, $5, true)\n        )\n        SELECT pg_notify($6, '')",
  "describe": {
    "columns": [
      {
        "ordinal": 0,
        "name": "pg_notify",
        "type_info": "Void"
      }
    ],
    "parameters": {
      "Left": [
        "Int8",
        "Int8",
        "Text",
        "Text",
        "Bytea",
        "Text"
      ]
    },
    "nullable": [
      null
    ]
  },
  "hash": "2611f503726ca2bd9cb05c62058395cf36c079ed4e0f7a9111e46e2b9a391b8c"
}
