{
  "db_name": "PostgreSQL",
  "query": "\n            SELECT handle, tenant_id, account_address, event_type, txn_limited_retries_count, txn_unlimited_retries_count\n            FROM allowed_handles \n            WHERE txn_is_sent = false \n            AND txn_limited_retries_count < $1\n            LIMIT $2;\n            ",
  "describe": {
    "columns": [
      {
        "ordinal": 0,
        "name": "handle",
        "type_info": "Bytea"
      },
      {
        "ordinal": 1,
        "name": "tenant_id",
        "type_info": "Int4"
      },
      {
        "ordinal": 2,
        "name": "account_address",
        "type_info": "Text"
      },
      {
        "ordinal": 3,
        "name": "event_type",
        "type_info": "Int2"
      },
      {
        "ordinal": 4,
        "name": "txn_limited_retries_count",
        "type_info": "Int4"
      },
      {
        "ordinal": 5,
        "name": "txn_unlimited_retries_count",
        "type_info": "Int4"
      }
    ],
    "parameters": {
      "Left": [
        "Int4",
        "Int8"
      ]
    },
    "nullable": [
      false,
      false,
      false,
      false,
      false,
      false
    ]
  },
  "hash": "ffc457a5080b6c65231000d983855386ae23525d9294b02bc766f069aeaba3ce"
}
