{
  "db_name": "PostgreSQL",
  "query": "SELECT txn_is_sent, txn_limited_retries_count\n             FROM ciphertext_digest\n             WHERE handle = $1",
  "describe": {
    "columns": [
      {
        "ordinal": 0,
        "name": "txn_is_sent",
        "type_info": "Bool"
      },
      {
        "ordinal": 1,
        "name": "txn_limited_retries_count",
        "type_info": "Int4"
      }
    ],
    "parameters": {
      "Left": [
        "Bytea"
      ]
    },
    "nullable": [
      false,
      false
    ]
  },
  "hash": "355e54c5e8527ac44a96a2a1e1bf42341e9704a8bacb703eef5b3e58b6fa4ab3"
}
