{
  "db_name": "PostgreSQL",
  "query": "SELECT tenant_id, handle, ciphertext, ciphertext128, ciphertext128_format \n        FROM ciphertext_digest \n        WHERE ciphertext IS NULL OR ciphertext128 IS NULL\n        FOR UPDATE SKIP LOCKED\n        LIMIT $1;",
  "describe": {
    "columns": [
      {
        "ordinal": 0,
        "name": "tenant_id",
        "type_info": "Int4"
      },
      {
        "ordinal": 1,
        "name": "handle",
        "type_info": "Bytea"
      },
      {
        "ordinal": 2,
        "name": "ciphertext",
        "type_info": "Bytea"
      },
      {
        "ordinal": 3,
        "name": "ciphertext128",
        "type_info": "Bytea"
      },
      {
        "ordinal": 4,
        "name": "ciphertext128_format",
        "type_info": "Int2"
      }
    ],
    "parameters": {
      "Left": [
        "Int8"
      ]
    },
    "nullable": [
      false,
      false,
      true,
      true,
      false
    ]
  },
  "hash": "f43b3e3791b58d7d3b227528b34da11f4de7d5b922579e8713754b34e6ca51d4"
}
