{
  "db_name": "PostgreSQL",
  "query": "SELECT zk_proof_id, chain_id, contract_address, user_address, input, extra_data\n             FROM verify_proofs",
  "describe": {
    "columns": [
      {
        "ordinal": 0,
        "name": "zk_proof_id",
        "type_info": "Int8"
      },
      {
        "ordinal": 1,
        "name": "chain_id",
        "type_info": "Int8"
      },
      {
        "ordinal": 2,
        "name": "contract_address",
        "type_info": "Text"
      },
      {
        "ordinal": 3,
        "name": "user_address",
        "type_info": "Text"
      },
      {
        "ordinal": 4,
        "name": "input",
        "type_info": "Bytea"
      },
      {
        "ordinal": 5,
        "name": "extra_data",
        "type_info": "Bytea"
      }
    ],
    "parameters": {
      "Left": []
    },
    "nullable": [
      false,
      false,
      false,
      false,
      true,
      false
    ]
  },
  "hash": "774d0833f523257d42044019619094083caf37a564283a97822f0efb309f2ea8"
}
